Metric,Value
Total_News_Count,367.0
Real_News_Count,181.0
Fake_News_Count,186.0
Fake_Probability_Mean_All,0.14955335483364676
Fake_Probability_Mean_Real,0.20622416185763426
Fake_Probability_Mean_Fake,0.09440595660062673
Sentiment_Positivity_Mean_All,0.40148198343703984
Sentiment_Positivity_Mean_Real,0.5893351546172259
Sentiment_Positivity_Mean_Fake,0.2186786286864287
Fake_Probability_Std_All,0.143609427155574
Fake_Probability_Std_Real,0.1706500429697996
Fake_Probability_Std_Fake,0.07916584659423474
Sentiment_Positivity_Std_All,0.4008208930828004
Sentiment_Positivity_Std_Real,0.39083093162316335
Sentiment_Positivity_Std_Fake,0.31795773438751934
